Workbook

Sheet PO Data
A1: PO Number | B1: PO Date | C1: Supplier ID | D1: Supplier Name | E1: City | F1: Category | G1: Quantity | H1: Unit Price | I1: PO Value | J1: Expected Delivery | K1: Actual Delivery | L1: Status | M1: Delivery Check
A2: PO1001 | B2: 46023 | C2: S001 | D2: =_xlfn.XLOOKUP(C2,'Supplier Master'!$A$2:$A$16,'Supplier Master'!$B$2:$B$16,"Not Found") -> ABC Enterprises | E2: =_xlfn.XLOOKUP(C2,'Supplier Master'!$A$2:$A$16,'Supplier Master'!$C$2:$C$16,"Not Found") -> Bhubaneswar | F2: Office Supplies | G2: 20 | H2: 500 | I2: =G2*H2 -> 10000 | J2: 46032 | K2: 46031 | L2: Delivered | M2: =IF(K2>J2,"Late","On Time") -> On Time
A3: PO1002 | B3: 46025 | C3: S002 | D3: Reliance Supplies | E3: Cuttack | F3: Electronics | G3: 5 | H3: 12000 | I3: =G3*H3 -> 60000 | J3: 46037 | K3: 46038 | L3: Pending | M3: =IF(K3>J3,"Late","On Time") -> Late
A4: PO1003 | B4: 46027 | C4: S003 | D4: Global Office Solutions | E4: Kolkata | F4: Stationery | G4: 50 | H4: 150 | I4: =G4*H4 -> 7500 | J4: 46040 | K4: 46039 | L4: Delivered | M4: =IF(K4>J4,"Late","On Time") -> On Time
A5: PO1004 | B5: 46030 | C5: S004 | D5: Prime Industrial | E5: Mumbai | F5: Industrial Equipment | G5: 3 | H5: 25000 | I5: =G5*H5 -> 75000 | J5: 46042 | K5: 46044 | L5: Partially Delivered | M5: =IF(K5>J5,"Late","On Time") -> Late
A6: PO1005 | B6: 46032 | C6: S005 | D6: Eastern Traders | E6: Bhubaneswar | F6: Office Supplies | G6: 30 | H6: 750 | I6: =G6*H6 -> 22500 | J6: 46044 | K6: 46043 | L6: Delivered | M6: =IF(K6>J6,"Late","On Time") -> On Time
A7: PO1006 | B7: 46034 | C7: S006 | D7: Techno Supply Co | E7: Pune | F7: IT Equipment | G7: 8 | H7: 18000 | I7: =G7*H7 -> 144000 | J7: 46047 | K7: 46049 | L7: Pending | M7: =IF(K7>J7,"Late","On Time") -> Late
A8: PO1007 | B8: 46037 | C8: S007 | D8: Metro Wholesale | E8: Delhi | F8: Stationery | G8: 100 | H8: 90 | I8: =G8*H8 -> 9000 | J8: 46050 | K8: 46049 | L8: Delivered | M8: =IF(K8>J8,"Late","On Time") -> On Time
A9: PO1008 | B9: 46040 | C9: S008 | D9: Sunrise Enterprises | E9: Hyderabad | F9: Cleaning Supplies | G9: 40 | H9: 300 | I9: =G9*H9 -> 12000 | J9: 46052 | K9: 46055 | L9: Partially Delivered | M9: =IF(K9>J9,"Late","On Time") -> Late
A10: PO1009 | B10: 46042 | C10: S009 | D10: Odisha Industrial Supply | E10: Bhubaneswar | F10: Industrial Equipment | G10: 6 | H10: 15000 | I10: =G10*H10 -> 90000 | J10: 46055 | K10: 46054 | L10: Delivered | M10: =IF(K10>J10,"Late","On Time") -> On Time
A11: PO1010 | B11: 46044 | C11: S010 | D11: National Distributors | E11: Chennai | F11: Office Supplies | G11: 25 | H11: 600 | I11: =G11*H11 -> 15000 | J11: 46058 | K11: 46060 | L11: Pending | M11: =IF(K11>J11,"Late","On Time") -> Late
A12: PO1011 | B12: 46047 | C12: S011 | D12: Vertex Supplies | E12: Bangalore | F12: IT Equipment | G12: 10 | H12: 22000 | I12: =G12*H12 -> 220000 | J12: 46061 | K12: 46060 | L12: Delivered | M12: =IF(K12>J12,"Late","On Time") -> On Time
A13: PO1012 | B13: 46050 | C13: S012 | D13: Cityline Traders | E13: Cuttack | F13: Stationery | G13: 75 | H13: 120 | I13: =G13*H13 -> 9000 | J13: 46063 | K13: 46065 | L13: Pending | M13: =IF(K13>J13,"Late","On Time") -> Late
A14: PO1013 | B14: 46054 | C14: S013 | D14: Pioneer Products | E14: Kolkata | F14: Cleaning Supplies | G14: 35 | H14: 400 | I14: =G14*H14 -> 14000 | J14: 46068 | K14: 46067 | L14: Delivered | M14: =IF(K14>J14,"Late","On Time") -> On Time
... A21: PO1020 | B21: 46075 | C21: S005 | D21: Eastern Traders | E21: Bhubaneswar | F21: IT Equipment | G21: 5 | H21: 20000 | I21: =G21*H21 -> 100000 | J21: 46089 | K21: 46091 | L21: Pending | M21: =IF(K21>J21,"Late","On Time") -> Late
A22: PO1021 | B22: 46078 | C22: S001 | D22: ABC Enterprises | E22: Bhubaneswar | F22: Office Supplies | G22: 20 | H22: 500 | I22: 10000 | J22: 46086 | K22: 46085 | L22: Delivered | M22: On Time
A23: PO1022 | B23: 46080 | C23: S002 | D23: Reliance Supplies | E23: Cuttack | F23: Electronics | G23: 6 | H23: 12600 | I23: 75600 | J23: 46089 | K23: 46092 | L23: Pending | M23: Late
A24: PO1023 | B24: 46082 | C24: S003 | D24: Global Office Solutions | E24: Kolkata | F24: Stationery | G24: 52 | H24: 170 | I24: 8840 | J24: 46092 | K24: 46096 | L24: Partially Delivered | M24: Late
A25: PO1024 | B25: 46084 | C25: S004 | D25: Prime Industrial | E25: Mumbai | F25: Industrial Equipment | G25: 5 | H25: 28750 | I25: 143750 | J25: 46095 | K25: 46094 | L25: Delivered | M25: On Time
A26: PO1025 | B26: 46086 | C26: S005 | D26: Eastern Traders | E26: Bhubaneswar | F26: IT Equipment | G26: 9 | H26: 21600 | I26: 194400 | J26: 46098 | K26: 46101 | L26: Pending | M26: Late
A27: PO1026 | B27: 46088 | C27: S006 | D27: Techno Supply Co | E27: Pune | F27: Cleaning Supplies | G27: 35 | H27: 375 | I27: 13125 | J27: 46100 | K27: 46104 | L27: Delivered | M27: Late
A28: PO1027 | B28: 46090 | C28: S007 | D28: Metro Wholesale | E28: Delhi | F28: Office Supplies | G28: 26 | H28: 525 | I28: 13650 | J28: 46098 | K28: 46097 | L28: Partially Delivered | M28: On Time
A29: PO1028 | B29: 46092 | C29: S008 | D29: Sunrise Enterprises | E29: Hyderabad | F29: Electronics | G29: 6 | H29: 13200 | I29: 79200 | J29: 46101 | K29: 46104 | L29: Pending | M29: Late
A30: PO1029 | B30: 46094 | C30: S009 | D30: Odisha Industrial Supply | E30: Bhubaneswar | F30: Stationery | G30: 58 | H30: 180 | I30: 10440 | J30: 46104 | K30: 46108 | L30: Delivered | M30: Late
A31: PO1030 | B31: 46096 | C31: S010 | D31: National Distributors | E31: Chennai | F31: Industrial Equipment | G31: 2 | H31: 30000 | I31: 60000 | J31: 46104 | K31: 46103 | L31: Pending | M31: On Time
A32: PO1031 | B32: 46098 | C32: S011 | D32: Vertex Supplies | E32: Bangalore | F32: IT Equipment | G32: 7 | H32: 23400 | I32: 163800 | J32: 46108 | K32: 46111 | L32: Delivered | M32: Late
A33: PO1032 | B33: 46100 | C33: S012 | D33: Cityline Traders | E33: Cuttack | F33: Cleaning Supplies | G33: 45 | H33: 315 | I33: 14175 | J33: 46111 | K33: 46115 | L33: Partially Delivered | M33: Late
... A156: PO1155 | B156: 46346 | C156: S015 | D156: United Suppliers | E156: Mumbai | F156: Stationery | G156: 58 | H156: 190 | I156: 11020 | J156: 46362 | K156: 46366 | L156: Pending | M156: Late

Sheet Supplier Master
A1: Supplier ID | B1: Supplier Name | C1: City
A2: S001 | B2: ABC Enterprises | C2: Bhubaneswar
A3: S002 | B3: Reliance Supplies | C3: Cuttack
A4: S003 | B4: Global Office Solutions | C4: Kolkata
A5: S004 | B5: Prime Industrial | C5: Mumbai
A6: S005 | B6: Eastern Traders | C6: Bhubaneswar
A7: S006 | B7: Techno Supply Co | C7: Pune
A8: S007 | B8: Metro Wholesale | C8: Delhi
A9: S008 | B9: Sunrise Enterprises | C9: Hyderabad
A10: S009 | B10: Odisha Industrial Supply | C10: Bhubaneswar
A11: S010 | B11: National Distributors | C11: Chennai
A12: S011 | B12: Vertex Supplies | C12: Bangalore
... A16: S015 | B16: United Suppliers | C16: Mumbai

Sheet Analysis
A1: Procurement Summary
A3: Total PO | B3: =COUNTA('PO Data'!A2:A156) -> 155
A4: Total Spend | B4: =SUM('PO Data'!I2:I156) -> 11586875
A5: Delivered | B5: =COUNTIF('PO Data'!L2:L156,"Delivered") -> 64
A6: Pending | B6: =COUNTIF('PO Data'!L2:L156,"Pending") -> 60
A7: Partially Delivered | B7: =COUNTIF('PO Data'!L2:L156,"Partially Delivered") -> 31
A8: Late Deliveries | B8: =COUNTIF('PO Data'!M2:M156,"Late") -> 100
A10: Category | B10: Total Spend
A11: Office Supplies | B11: =SUMIF('PO Data'!F:F,A11,'PO Data'!I:I) -> 433600
A12: Electronics | B12: =SUMIF('PO Data'!F:F,A12,'PO Data'!I:I) -> 2449400
A13: Stationery | B13: =SUMIF('PO Data'!F:F,A13,'PO Data'!I:I) -> 271310
A14: Industrial Equipment | B14: =SUMIF('PO Data'!F:F,A14,'PO Data'!I:I) -> 2836250
A15: IT Equipment | B15: =SUMIF('PO Data'!F:F,A15,'PO Data'!I:I) -> 5263700
A16: Cleaning Supplies | B16: =SUMIF('PO Data'!F:F,A16,'PO Data'!I:I) -> 332615
A19: Supplier-wise Spend
A20: Supplier Name | B20: Total Spend
A21: ABC Enterprises | B21: =SUMIF('PO Data'!$D$2:$D$156,A21,'PO Data'!$I$2:$I$156) -> 426850
A22: Reliance Supplies | B22: =SUMIF('PO Data'!$D$2:$D$156,A22,'PO Data'!$I$2:$I$156) -> 1445600
A23: Global Office Solutions | B23: =SUMIF('PO Data'!$D$2:$D$156,A23,'PO Data'!$I$2:$I$156) -> 125740
A24: Prime Industrial | B24: =SUMIF('PO Data'!$D$2:$D$156,A24,'PO Data'!$I$2:$I$156) -> 861850
A25: Eastern Traders | B25: =SUMIF('PO Data'!$D$2:$D$156,A25,'PO Data'!$I$2:$I$156) -> 1542700
A26: Techno Supply Co | B26: =SUMIF('PO Data'!$D$2:$D$156,A26,'PO Data'!$I$2:$I$156) -> 251220
A27: Metro Wholesale | B27: =SUMIF('PO Data'!$D$2:$D$156,A27,'PO Data'!$I$2:$I$156) -> 568050
A28: Sunrise Enterprises | B28: =SUMIF('PO Data'!$D$2:$D$156,A28,'PO Data'!$I$2:$I$156) -> 1520100
A29: Odisha Industrial Supply | B29: =SUMIF('PO Data'!$D$2:$D$156,A29,'PO Data'!$I$2:$I$156) -> 203505
A30: National Distributors | B30: =SUMIF('PO Data'!$D$2:$D$156,A30,'PO Data'!$I$2:$I$156) -> 559825
A31: Vertex Supplies | B31: =SUMIF('PO Data'!$D$2:$D$156,A31,'PO Data'!$I$2:$I$156) -> 1735000
A32: Cityline Traders | B32: =SUMIF('PO Data'!$D$2:$D$156,A32,'PO Data'!$I$2:$I$156) -> 122340
... A35: United Suppliers | B35: =SUMIF('PO Data'!$D$2:$D$156,A35,'PO Data'!$I$2:$I$156) -> 132370

Sheet Month-wise Analysis
A3: Row Labels | B3: Sum of PO Value
A4: Jan | B4: 674000
A5: Feb | B5: 440850
A6: Mar | B6: 1107990
A7: Apr | B7: 985795
A8: May | B8: 1222075
A9: Jun | B9: 1098210
A10: Jul | B10: 1350375
A11: Aug | B11: 1197845
A12: Sep | B12: 1186285
A13: Oct | B13: 1564780
A14: Nov | B14: 758670
A15: Grand Total | B15: 11586875

Sheet Dashboard
A1: PROCUREMENT DASHBOARD | K1: Supplier Name | L1: Total Spend
K2: ABC Enterprises | L2: =SUMIF('PO Data'!$D$2:$D$156,K2,'PO Data'!$I$2:$I$156) -> 426850
A3: Total PO | B3: =COUNTA('PO Data'!A2:A156) -> 155 | K3: Reliance Supplies | L3: =SUMIF('PO Data'!$D$2:$D$156,K3,'PO Data'!$I$2:$I$156) -> 1445600
A4: Total Spend | B4: =SUM('PO Data'!I2:I156) -> 11586875 | K4: Global Office Solutions | L4: =SUMIF('PO Data'!$D$2:$D$156,K4,'PO Data'!$I$2:$I$156) -> 125740
A5: Pending | B5: =COUNTIF('PO Data'!L2:L156,"Pending") -> 60 | K5: Prime Industrial | L5: =SUMIF('PO Data'!$D$2:$D$156,K5,'PO Data'!$I$2:$I$156) -> 861850
A6: Partially Delivered | B6: =COUNTIF('PO Data'!L2:L156,"Partially Delivered") -> 31 | K6: Eastern Traders | L6: =SUMIF('PO Data'!$D$2:$D$156,K6,'PO Data'!$I$2:$I$156) -> 1542700
A7: Late Deliveries | B7: =COUNTIF('PO Data'!M2:M156,"Late") -> 100 | K7: Techno Supply Co | L7: =SUMIF('PO Data'!$D$2:$D$156,K7,'PO Data'!$I$2:$I$156) -> 251220
K8: Metro Wholesale | L8: =SUMIF('PO Data'!$D$2:$D$156,K8,'PO Data'!$I$2:$I$156) -> 568050
A9: Category | B9: Total Spend | K9: Sunrise Enterprises | L9: =SUMIF('PO Data'!$D$2:$D$156,K9,'PO Data'!$I$2:$I$156) -> 1520100
A10: Office Supplies | B10: =SUMIF('PO Data'!F2:F156,A10,'PO Data'!I2:I156) -> 433600 | K10: Odisha Industrial Supply | L10: =SUMIF('PO Data'!$D$2:$D$156,K10,'PO Data'!$I$2:$I$156) -> 203505
A11: Electronics | B11: =SUMIF('PO Data'!$F$2:$F$156,A11,'PO Data'!$I$2:$I$156) -> 2449400 | K11: National Distributors | L11: =SUMIF('PO Data'!$D$2:$D$156,K11,'PO Data'!$I$2:$I$156) -> 559825
A12: Stationery | B12: =SUMIF('PO Data'!$F$2:$F$156,A12,'PO Data'!$I$2:$I$156) -> 271310 | K12: Vertex Supplies | L12: =SUMIF('PO Data'!$D$2:$D$156,K12,'PO Data'!$I$2:$I$156) -> 1735000
A13: Industrial Equipment | B13: =SUMIF('PO Data'!$F$2:$F$156,A13,'PO Data'!$I$2:$I$156) -> 2836250 | K13: Cityline Traders | L13: =SUMIF('PO Data'!$D$2:$D$156,K13,'PO Data'!$I$2:$I$156) -> 122340
A14: IT Equipment | B14: =SUMIF('PO Data'!$F$2:$F$156,A14,'PO Data'!$I$2:$I$156) -> 5263700 | K14: Pioneer Products | L14: =SUMIF('PO Data'!$D$2:$D$156,K14,'PO Data'!$I$2:$I$156) -> 721525
A15: Cleaning Supplies | B15: =SUMIF('PO Data'!$F$2:$F$156,A15,'PO Data'!$I$2:$I$156) -> 332615 | K15: Smart Source India | L15: =SUMIF('PO Data'!$D$2:$D$156,K15,'PO Data'!$I$2:$I$156) -> 1360200
K16: United Suppliers | L16: =SUMIF('PO Data'!$D$2:$D$156,K16,'PO Data'!$I$2:$I$156) -> 132370
A18: Status | B18: Count
A19: Delivered | B19: =COUNTIF('PO Data'!L:L,A19) -> 64
A20: Pending | B20: =COUNTIF('PO Data'!L:L,A20) -> 60
A21: Partially Delivered | B21: =COUNTIF('PO Data'!$L$2:$L$156,A21) -> 31
A22: Late Deliveries | B22: =COUNTIF('PO Data'!M:M,"Late") -> 100
